video_id,video_timestamp,video_duration,video_locationcreated,suggested_words,video_diggcount,video_sharecount,video_commentcount,video_playcount,video_description,video_is_ad,video_stickers,author_username,author_name,author_followercount,author_followingcount,author_heartcount,author_videocount,author_diggcount,author_verified
7313461705244282143,2023-12-17T02:27:13,25,US,,56,0,12,399,been sitting in the drafts for too long,False,,angusbeefangela,angusbeefangela,,,,,,False
7313005680372354311,2023-12-15T20:57:06,36,KR,"New Jeans, Eta New Jeans, Hyein New Jeans, danielle new jeans, eta freestyle, new jeans members, i just wanna rock hanni, eta dance break, New Jeans Performance, newjeans_official",3800000,22800,28500,24500000,ETA freestyle 🍄 #NewJeans #뉴진스 #NewJeans_NJWMX #NewJeans_of_Winter #NewJeans_ETA #Year_of_NewJeans,False,,newjeans_official,NewJeans,,,,,,True
7315263847651233030,2023-12-21T22:59:54,0,CA,"uncanny valley, Bunny Dog, bunny the dog, Dogs Funny Animals, animal uncanny valley, Smiling Dog, Smiling Dog Clips, Dog Smiling Teeth, Hilarious Dogs, dog with human eyes",664900,4308,4280,3600000,,False,,dougythesheepadoodle,Dougy,,,,,,False
7315407290071354666,2023-12-22T08:16:53,8,US,"simone biles, Simone Biles Husband, simone biles husband interview simone, jonathan owens, simone biles husband podcast, Simone, simone husband interview, Simone Biles Edit, simone and tommy, simone and patrick",960400,4119,7775,7100000,Simone Biles deserves better than that. #simonebiles #tdwhbwwh ,False,,auntkaren0,Auntkaren0,,,,,,True
