[{"Date": "2023-12-23 19:23:04", "Link": "https://www.tiktokv.com/share/video/6933458846656515333/"}, {"Date": "2023-12-23 19:23:15", "Link": "https://www.tiktokv.com/share/video/7113035560721288454/"}, {"Date": "2023-12-23 19:23:28", "Link": "https://www.tiktokv.com/share/video/7068484269873696006/"}, {"Date": "2023-12-23 19:23:36", "Link": "https://www.tiktokv.com/share/video/7313461705244282143/"}, {"Date": "2023-12-23 19:23:44", "Link": "https://www.tiktokv.com/share/video/7313005680372354311/"}, {"Date": "2023-12-23 19:23:55", "Link": "https://www.tiktokv.com/share/video/7315263847651233030/"}, {"Date": "2023-12-23 19:23:57", "Link": "https://www.tiktokv.com/share/video/7315407290071354666/"}]